pair1	pair2	t	p.value	boot.p.value	q05	q10	sig
dawn	peak_photo	-3.080112266280308	0.002112839710497529	0.002112839710497529	0.011484894798562826	0.027664371869007574	0.002112839710497529
