pair1	pair2	t	p.value	boot.p.value	q05	q10	sig
dawn	peak_photo	0.02762562528023371	0.9779655512607095	0.9779655512607095	0.05963567718121581	0.11567248355179516	NA
